post_title,author,comment,score,sentiment,confidence
New haul from Stylevana just arrived! Any reviews or opinions about these products?,jpalvza,How bad was the tariffs for this haul. I haven’t buy anything from Stylevana since then 😭 my budget is small and I don’t know if I’ll be able to afford it now,14,NEGATIVE,0.999
New haul from Stylevana just arrived! Any reviews or opinions about these products?,tofu_duckk,VT reedle shot and Round lab dokdo cleanser are absolute staples in my routine!! I also loveee the Mediheal masks. I've heard plenty of good things about many of these other products as well. I was pe,6,POSITIVE,0.998
New haul from Stylevana just arrived! Any reviews or opinions about these products?,nailsbyrinha,"The Dr G moisturizer is my HG! It’s so light and soothing, I adore it!",5,POSITIVE,1.0
New haul from Stylevana just arrived! Any reviews or opinions about these products?,w1tchyb1tchy-,Nothing from SKIN1004 has let me down so far! I haven’t tried those specific products but I’ve been happy with 3 others I’ve tried,4,POSITIVE,0.998
New haul from Stylevana just arrived! Any reviews or opinions about these products?,Infinite_Hat5261,"I’m waiting for my stylevana order placed 4/10. Apparently the numbuzin no9 eye patches are out of stock until 5/11 (even though when I ordered said ship within 24hrs).

Have you used these before as ",3,NEGATIVE,1.0
New haul from Stylevana just arrived! Any reviews or opinions about these products?,VentiKombucha,"I've had the Isntree gel cream before (think it was a freebie from SV), and I kept it at the office as a pick me up during the day when my face would get dry. Worked nicely.",3,POSITIVE,0.656
New haul from Stylevana just arrived! Any reviews or opinions about these products?,catarinagirassol,I use a couple of those in my skincare routine and I like it 😊,3,POSITIVE,0.998
New haul from Stylevana just arrived! Any reviews or opinions about these products?,milla999999x,The Purito serum unscented is my HG i use it every single day am & pm after actives and I like the arencia cleanser,3,POSITIVE,0.74
New haul from Stylevana just arrived! Any reviews or opinions about these products?,Equivalent-Radio-130,Love the Round lab dokdo cleanser and I use the Anua 70 milky toner which I love. Not a fan of the Isinee.  Don't feel like it is actually doing anything for my skin.  I use SKIN 1004 to calm my skin ,3,POSITIVE,0.994
New haul from Stylevana just arrived! Any reviews or opinions about these products?,goldeneri,"The mediheal madecassoside sheet masks are amazing! And I love the numbuzin no. 3 toner.  The serum is great too. I have the sungboon editor green tomato serum, but I haven't tried yet. I heard it's a",2,POSITIVE,0.999
My men's OY haul,tofu_duckk,I love the s nature moisturiser! might not be enough for canadian winter though if you have drier skin. also love the mediheal sheet and modelling masks >> great for when i want to treat myself.,4,POSITIVE,0.999
My men's OY haul,Serenity-Someday,S.Nature! HELL YES to that moisturiser!!,2,NEGATIVE,0.596
My men's OY haul,Alternative-Main-523,I tried one of the modeling masks while I've been here and loved it. I have a feeling that box will get used before I leave the country 😄,2,NEGATIVE,0.943
My men's OY haul,tofu_duckk,hahahaha no doubt,1,POSITIVE,0.986
What’s your favorite vegan K-beauty product?,royesk,"I am vegan and have oily and acne-prone skin so this is right up my alley :)

Torriden is 100% vegan and top notch all around, you really can't go wrong with them. I've tried a ton of their products a",14,POSITIVE,0.993
What’s your favorite vegan K-beauty product?,Art-e-Blanche,"The Face Shop's Alltimate Vegan Mucin Peptide Cream is my go-to for night cream. Love applying it, the texture, and it has copper peptides, Argilerine and Matrixyl 3000 too, and definitely firms up th",3,POSITIVE,0.79
What’s your favorite vegan K-beauty product?,Cute_Display_808,"Okay I love this thread, I’ve been trying to find more vegan products especially with snail mucin and salmon pdrn trending currently. Trying to find vegan versions of pdrn has been hard 😭 so thanks fo",3,NEGATIVE,0.623
What’s your favorite vegan K-beauty product?,Soggy-Charge9167,I loveeeee torriden >.<,5,POSITIVE,0.997
What’s your favorite vegan K-beauty product?,jadedchord,"What I love about K-beauty is that a ton of their brands are either 100% vegan or have a ton of vegan products (but won’t be specifically advertised as such)!

For reference, I have very sensitive ski",2,POSITIVE,0.999
What’s your favorite vegan K-beauty product?,Over_Tailor_6485,Which of these would do an amazing job of healing a dehydrated skin with textures?,1,POSITIVE,0.55
What’s your favorite vegan K-beauty product?,EnoughString1059,I tried dalba spray but the fragrance is so strong! It smells very artificial too. Am I missing something? Thanks for sharing!,1,NEGATIVE,0.994
What’s your favorite vegan K-beauty product?,Odd-Rutabaga-1022,Skin1004 centella ampoule  makes me breakout like crazy,1,POSITIVE,0.98
What’s your favorite vegan K-beauty product?,furfree1,I haven't been able to find any concrete info about Torriden being cruelty free and if they sell in mainland China. I Google it every so often hoping cruelty free kitty has some updates on her list lo,3,NEGATIVE,0.999
What’s your favorite vegan K-beauty product?,Cute_Display_808,"Thank you! This is so good to know.

I use purito bamboo panthenol cream currently and I’m on my second almost third—I love it. I like their cica serum too for mad skin. I’ve tried their bakuchiol and",2,POSITIVE,0.998
Do people still use Dalba mist a lot these days?,Free_Ad_5219,I do use it! But definitely wait until you can get it at a good price. I only buy it when it’s a 1+1 with a discount as well. Olive young tends to have that 1+1 bundle marked down often,5,NEGATIVE,0.998
Do people still use Dalba mist a lot these days?,julet1815,"What is it? What does it do and when do you use it? Tell me everything, I’m so suggestible. I can’t stop buying new skin care items.",4,POSITIVE,0.975
Do people still use Dalba mist a lot these days?,Big_Detective_155,I do 😂 bought some today,2,POSITIVE,0.965
Do people still use Dalba mist a lot these days?,sallowmoon,Yes I love it. Very moisturizing and gives you a subtle glow and can help lightly set makeup. Got some on sale and glad I did,1,POSITIVE,1.0
Do people still use Dalba mist a lot these days?,Bright-Loquat1111,"I want to love it but it’s too highly scented for me. Maybe if I try it on areas other than you face, I will like it enough to use it more.",1,POSITIVE,0.996
Do people still use Dalba mist a lot these days?,thefuzzyismine,It's quite hydrating and soothing ime and purportedly has some anti-aging properties from the white truffle extract (they use this ingredient throughout their lineup.) I've used it to refresh my makeu,2,POSITIVE,1.0
Fall Prep Product Reviews,Crazy_Juggernaut9789,I love DERMATORY! I use their Pro Cica Shot Calming Ampoule Mask when I've run out of my  Madecassiocide Masks.,2,NEGATIVE,0.996
Fall Prep Product Reviews,Dry_Calligrapher9290,Does the DERMATORY ampoule layer well without pilling? And is the Dalba spray serum okay to use under makeup?,2,NEGATIVE,0.975
Fall Prep Product Reviews,Purple_Perspective19,I love d'Alba! They actually often go on sale in Olive Young in Korea!! Much cheaper than in the US,2,POSITIVE,1.0
Fall Prep Product Reviews,schaumburgil,Would you recommend other ampoul masks?,1,NEGATIVE,0.986
Fall Prep Product Reviews,Few_Client_5750,"The ampoule layers are really well without pilling, and the Dalba spray can be used over makeup, but personally, I don’t recommend it. It’s fine over light makeup, but when I sprayed it several times,",2,NEGATIVE,0.996
Fall Prep Product Reviews,schaumburgil,Yes dermatory ampoule is very mild and I always use after Dalba! You will feel hydtrated immedieatly after using and no oil/sebum at all after daily makeup,1,NEGATIVE,0.975
Fall Prep Product Reviews,schaumburgil,Is the deal better than Costco? Do you know any websites I can get it cheaper than Olive Young or Costco?,1,NEGATIVE,0.997
Fall Prep Product Reviews,Crazy_Juggernaut9789,From Dermatory? The Firming & Collagen ones are nice. They also have a 30 ea sheet mask Hyal Shot Barrier Mask B5 but I've not tried it.,2,NEGATIVE,0.974
Fall Prep Product Reviews,schaumburgil,Yes you should use Dalba BEFORE makeup! The fully exfoliator would help applying to skin better,1,NEGATIVE,0.959
Fall Prep Product Reviews,Purple_Perspective19,I didn't known they sold at Costco. I better check it out! Thanks,1,POSITIVE,0.999
"Newbie at Korean skincare, need suggestions",Tashinator0503,"The Dokdo cleanser is very effective, gentle, and non stripping. If your skin feels tight after cleansing then it may be too harsh for your skin.",1,POSITIVE,0.989
"Newbie at Korean skincare, need suggestions",chloverelle,Purito has some lightweight moisturizers! My favourite is the Purito Bamboo Panthenol Cream. Its kind of has a gel-like texture and it repairs skin barrier. I live in a hot and humid country and this ,1,POSITIVE,0.971
"Newbie at Korean skincare, need suggestions",Bleeding_Star,"No it doesn't feel tight, just that i feel like in case of waterproof sunscreen or heavy makeup it might be too gentle a cleanser",2,NEGATIVE,0.991
"Newbie at Korean skincare, need suggestions",Bleeding_Star,Unfortunately it is not available in my country 😔,1,NEGATIVE,1.0
"Newbie at Korean skincare, need suggestions",Tashinator0503,"I see. You can use it, rinse, and reapply, rinse as a double cleanse or you can use a cleansing balm or cleansing oil at the first step and then follow with the Dokdo. I use the BOJ Radiance cleansing",2,NEGATIVE,0.992
d'Alba UV Essence Waterfull+ Tone-Up Pink suncream vs d'Alba UV Essence Waterfull+ Tone- Up Pink sunscreen?,juliajarvis,One is the sunscreen made for the U.S. with US approved filters. (the one that says Broad Spectrum),1,NEGATIVE,0.955
d'Alba UV Essence Waterfull+ Tone-Up Pink suncream vs d'Alba UV Essence Waterfull+ Tone- Up Pink sunscreen?,sparklesicecream,Thanks! I was confused because I would see the sunscreen being promoted through social media and them saying they got it in korea or oliveyoung,1,NEGATIVE,0.996
My oliveyoung cart,nightlycore,no to the roundlab sunscreen and dalba mist. the sunscreen wasnt hydrating enough for me and the dalba mist did absolutely nothing,3,NEGATIVE,0.999
My oliveyoung cart,inspector_bearsmoke,"I like the Dr. G sunscreen, it leaves a little bit of a white cast but only for a min or two& then it dries down to little to no white cast.",2,NEGATIVE,0.999
My oliveyoung cart,royesk,Haven't tried the skin&lab eye serum but for only 0.2% bakuchiol and 15ml this seems outrageously overpriced. I do like this format of eye serums with a metal ball applicator for the sensory experienc,4,NEGATIVE,0.984
My oliveyoung cart,CrimsonFractal,The Dr. G you've picked  is a physical sunscreen and the round lab is a chemical if that makes a difference -  Dr. G also makes a chemical version. The soothing one  has a great texture.,1,POSITIVE,1.0
My oliveyoung cart,purplestars_88,I have oily and acne prone skin and say NO to the d’alba serum spray. It broke me out!,1,NEGATIVE,0.998
My oliveyoung cart,VastCommunication361,I wasn’t sure about the Dalba mist so thank you!,1,POSITIVE,0.992
My oliveyoung cart,Mahishashurmardini,Which sunscreen do you prefer? I need something that can hold up in high UV indexes and not feel suffocating on the face…I like their urban sunscreen skin 1004 Madagascar centella sunscreen but I don’,1,NEGATIVE,0.879
My oliveyoung cart,VastCommunication361,Thanks! I don’t mind a white cast but is it matte? I’ve heard someone say that it was. I’m looking for something dewy.,1,NEGATIVE,0.983
My oliveyoung cart,VastCommunication361,Thank you for this! I also thought the same thing about the price but i saw a lot of good reviews about it so i kinda wanted to try it out. I’ve also been hearing a lot of good things about the axis y,2,POSITIVE,0.999
My oliveyoung cart,VastCommunication361,Round lab also has a physical sunscreen which is the one I added. I’ve only ever used chemical sunscreens but I felt like they might be irritating my skin a bit so I wanted to try a physical one inste,2,NEGATIVE,0.993
Question,TheWorldofScience,PhD chemist Michelle Wong tested spray sunscreens and concluded it is very hard to get enough on to give the spf protection claimed on the product. Her website is [LabMuffin.com](http://LabMuffin.com),1,NEGATIVE,0.999
Question,embarrassed_ice__69,"Oh I see , I never used a spray actually.",1,NEGATIVE,0.989
d'Alba Vital Spray Serum questions,kennaken96,I have The First Spray serum and I love it!!!!,2,POSITIVE,1.0
d'Alba Vital Spray Serum questions,Crazy_Juggernaut9789,Skinfluencers also spends thousands on in-house clinical procedures. One spray won't make your skin healthy n glowing.,0,NEGATIVE,1.0
d'Alba Vital Spray Serum questions,Alewo27,Does it smell like roses?,1,NEGATIVE,0.546
d'Alba Vital Spray Serum questions,Alewo27,"I'm not looking for ""perfect glass skin"" in a bottle. I know glowing skin comes from consistency and skin health. I'm talking about a temporary glow from oil in the mist, especially on top of makeup. ",2,NEGATIVE,0.997
d'Alba Vital Spray Serum questions,kennaken96,"I do not think it smells like roses. I love the scent of it, it’s very subtle.",1,POSITIVE,1.0
The one on right new packaging or one of them is just fake?,the_black_sails,The one on the right is the Americanized version with FDA approved sun filters. They are not the same. The Korean version is better because they have more advanced spf than the US. You can see the dif,11,NEGATIVE,0.958
The one on right new packaging or one of them is just fake?,nelly8888,Your new one is legit…the difference is the right one is “broad spectrum” legal for sale in the US. There is a formulation change with the filters and composition to suit. The left one is the Korean f,5,NEGATIVE,0.895
The one on right new packaging or one of them is just fake?,Weak_Armadillo_3050,Off topic but is this sunscreen any good? Also what does tone up mean?,2,NEGATIVE,0.998
The one on right new packaging or one of them is just fake?,Friedegggg,Has anyone tried the American version?,2,NEGATIVE,0.999
The one on right new packaging or one of them is just fake?,TechnicalResolve8498,"Anytime you see a Korean sunscreen that says ""Broad Spectrum"" it is likely the American reformulated version made with U.S. FDA approved sunscreen filters and not the original Korean version.",2,NEGATIVE,0.993
The one on right new packaging or one of them is just fake?,embarrassed_ice__69,Left has Korean text in the back and right has it all in English .,1,NEGATIVE,0.969
The one on right new packaging or one of them is just fake?,Logical_Rub1149,"based on their english website, looks like the same packaging
https://dalba.com/collections/sunscreens/products/dalba-waterfull-tone-up-sunscreen-spf50",1,NEGATIVE,0.998
The one on right new packaging or one of them is just fake?,Ayel_Em,Where did you buy it from (so we can all avoid it)?,1,NEGATIVE,0.999
The one on right new packaging or one of them is just fake?,Otherwise_Cream3957,You want the one with Korean filters for sure!,4,NEGATIVE,0.591
The one on right new packaging or one of them is just fake?,embarrassed_ice__69,"But the new one was a bit different than old one, it wasn't as liquidy as the old and didn't has that much of that strawberry smell.",0,NEGATIVE,0.984
I wasn’t sure what to get so I chose Centella,aksaiyo,If you mean the skin1004 hyalu cica water fit sun serum then it’s a great choice!,25,POSITIVE,0.999
I wasn’t sure what to get so I chose Centella,Ferelden770,~~I understand thieves motives a little now~~ that is heaven😅,21,NEGATIVE,0.974
I wasn’t sure what to get so I chose Centella,AcceptableHandle1586,"Hey, I was there today too! Just browsing though, I didn't get anything. 


For everyone else, this is a very small k beauty store inside a decently sized Korean grocery store.",12,NEGATIVE,0.988
I wasn’t sure what to get so I chose Centella,scarypeppermint,"Centella isn’t a brand, it’s an ingredient",13,NEGATIVE,0.996
I wasn’t sure what to get so I chose Centella,chandmor,Bruhhh this picture is heaven for an skincare addict 🥺,26,POSITIVE,0.975
I wasn’t sure what to get so I chose Centella,sadsmartandsexy,This is going to sound insane but is this Lotte plaza in Orlando??? 😭😭 I was just there and this was the exact line up of the products lol,6,NEGATIVE,0.989
I wasn’t sure what to get so I chose Centella,S9_noworries,"Lol the first picture really got me. I was like, ""That's a lifetime supply of skincare products. They don't mess around.""",4,POSITIVE,0.998
I wasn’t sure what to get so I chose Centella,Skin_Fanatic,For chemical sunscreen SKIN 1004 - Madagascar Centella Hyalu-Cica Water-Fit Sun Serum SPF 50 is one of my favorites.  I also like using a tinted mineral sunscreen water resistant  for outdoor activiti,3,POSITIVE,0.96
I wasn’t sure what to get so I chose Centella,Swimming-Thought3212,I'm not questioning u but do u think u can use all of these within their expiry date??????,23,NEGATIVE,0.999
Current Routine,Professional_Dirt962,"""Glass skin"" is something that happens by way of the products you're using and how they sit on your skin, not a thing your skin actually becomes by using skincare. No one has glass skin, they just use",26,NEGATIVE,0.993
Current Routine,No-Butterscotch-5700,Spironolactone and tretinoin helped my skin a lot! I would see a derm and ask if that’s something they would recommend. Been there I know it’s not fun.,3,NEGATIVE,0.999
Current Routine,_sadandboujee_,also 31F & have struggled with acne most of adult life as well so mainly here to say i feel your pain :( i’ve recently realized that my skin hates niacinamide & a lot of people are sensitive to it. & ,3,POSITIVE,0.997
Current Routine,Imaginary_Award_2459,"Ohh nice I have like 5 of these I’m also using regularly!

How do you find the centella line? I plan getting something this month, if you have any advice.

Also, are you using any peptides? Or any oth",2,NEGATIVE,0.987
Current Routine,tomriddlesdarling,i would recommend switching the anua oil cleanser to the beplain mung bean oil cleanser. the anua is super drying and played a part in causing me to break out. the beplain oil cleanser is super gentle,2,NEGATIVE,0.973
Current Routine,Mysterious_Code4291,Have you tried microneedling? This can work really well for your kind of texture and problems with skin that’s been exposed to acne,2,POSITIVE,0.8
Current Routine,_laurenn_nicoleee,"Ooops. My Dokdo cleanser was in the guest bathroom, that’s my face wash!",1,NEGATIVE,0.996
Current Routine,Medical-Algae-344,Is this for dry skin?,1,NEGATIVE,0.991
Current Routine,Project-626,"Do you wear makeup? When I was in highschool I had bad acne. I was able to fix it by going to an esthetician, she basically told me that my makeup I was using was comedogenic and recommended jane ired",1,NEGATIVE,0.998
Current Routine,_laurenn_nicoleee,I’ve definitely considered it for sure. And it’s been recommended through this process. I used to be on like 5 different medications and stopped them because of some illnesses I was facing. And trying,1,POSITIVE,0.966
Thoughts on d’Alba ???,Competitive_Fee_5829,I just went through an entire bottle of this. it  was nice but I felt it did not do anything. I have been on a hunt for cosrx ceramide face mist replacement. I bought this because it was on sale and w,8,NEGATIVE,0.999
Thoughts on d’Alba ???,mybsnt,"I am using it now, it is fine. I dont know how effective it truly is but I find it a bit expensive and wouldn’t purchase it again.

Also, I’m not sensitive to fragrance at all and found it to scent to",5,NEGATIVE,0.986
Thoughts on d’Alba ???,skynCare_geeeek,It has alcohol in it and dehydrates the skin. Don’t be fooled by the oil floating at the top. The alcohol in it essentially negates any hydration effects you might be expecting. You have to re-apply —,5,NEGATIVE,0.991
Thoughts on d’Alba ???,Skin_Fanatic,"The alcohol, fragrance, and naicinamide dried and irritated my face so I finished the bottle on my neck and body instead.",2,NEGATIVE,0.999
Thoughts on d’Alba ???,esbee27,"It’s fine, but just fine. I don’t get the hype around it though. I will try other mists after my current bottle is gone and I’d be surprised if I repurchase in the future.",2,NEGATIVE,0.764
Thoughts on d’Alba ???,Pristine-Gate-6895,shame you've had a reaction. this is my hg for about 3 years. i've stopped restocking though as spenny.  i use the bottles to refill with my current toner and a thin layer of facial oil which sits on ,2,POSITIVE,0.997
Thoughts on d’Alba ???,pigglewiggle23,"I don’t get the hype at all. I brought it on sale or I’d be mad but it does nothing for me and broke me out on my chin so bad. 
The only thing I can say I like is the actual mister, I’m a sucker for a",2,NEGATIVE,0.993
Thoughts on d’Alba ???,Prudent_Hat_3543,I find that the scent is too strong. It gave me headache😩,2,NEGATIVE,0.999
Thoughts on d’Alba ???,LowFig1,Skin1004 cloudy mist is amazing. It has 40% green tea extract ,1,POSITIVE,0.999
Thoughts on d’Alba ???,felixx0111,Yesss! Im looking for something like that aswell! Dont know why it was discontinued,3,NEGATIVE,0.999
Need some advice for amazing hydration and calming effect!,_antioxident,if they work for you then you made a good choice.,4,POSITIVE,0.999
Need some advice for amazing hydration and calming effect!,Frosty-Section-8482,"Like another person said, if u see a good difference to your skin and are satisified with your purchase it's a good choice <33. You should try Isntree or Torriden products. Most of their products are ",2,POSITIVE,0.997
Need some advice for amazing hydration and calming effect!,Skin_Fanatic,"D’Alba did not work for me.  It irritated and burn my already sensitive face from tretinoin use.  It has alcohol and fragrance.  

I’m From Mugwort Essence and Dr. Ceuracle Vegan Kombucha Cream Essenc",1,POSITIVE,0.998
Need some advice for amazing hydration and calming effect!,peacekimchi,I see. I agree with the saying that whatever brand or product suits you best is the best.,1,POSITIVE,1.0
Need some advice for amazing hydration and calming effect!,Skin_Fanatic,"My neck loves D’Alba though with alcohol, fragrance and all.",2,POSITIVE,0.998
K-Beauty Sunscreens,None,"Trying them to choose is best I guess. The ones you shouldn’t choose is if they peel, they look so much shiny or greasy, if they leave white cast, if they make your face sweat. You should check the in",1,NEGATIVE,0.998
K-Beauty Sunscreens,Medical_Function5932,"I’ve used this too. I had the water version, and the letters were blue instead of green. When it got in my eyes, it stung for a really long time and made my eyes water, so I struggled a bit, haha. But",1,POSITIVE,0.998
K-Beauty Sunscreens,Either_Pay_6923,"I’m using Round Lab sunscreen! It has no white cast, is lightweight, and moisturizing.",1,NEGATIVE,0.961
K-Beauty Sunscreens,Pristine_Policy_7193,It’s great that it doesn’t sting! I’m really interested in trying it. Where did you buy the Hada Labo sunscreen?,1,POSITIVE,1.0
K-Beauty Sunscreens,None,"I live in Turkey, there is a market named Gratis that sells them here. But I didn’t see it on Amazon but I think you can find them in internet easily.",1,POSITIVE,0.985
